topology,epsilon,n_agents,reliability,se,mean_rounds,frac_none,frac_wrong,seeds
complete,0.05,10,0.6333333333333333,0.062212300796308524,13.1,0.0,0.36666666666666664,60
cycle,0.05,10,0.8666666666666667,0.04388537257362555,176.66666666666666,0.0,0.13333333333333333,60
wheel,0.05,10,0.8,0.05163977794943222,60.0,0.0,0.2,60
