oracle_r,isolated_reliability
0.0,0.128
0.05,0.14825
0.1,0.1665
0.15,0.1915
0.2,0.2175
0.25,0.2415
0.3,0.27325
0.35,0.307
0.4,0.34125
0.45,0.377
0.5,0.4215
0.55,0.46625
0.6,0.5125
0.65,0.558
0.7,0.6065
0.75,0.65675
0.8,0.71825
0.85,0.77075
0.9,0.83
0.95,0.88275
1.0,0.9455
